FFT_combined_x;FFT_combined_y
0.0;1.6455360297642607
0.019073486328125;1.5130511566195752
0.03814697265625;1.1597712586718558
0.057220458984375;0.7073696955363666
0.0762939453125;0.30708260782647256
0.095367431640625;0.06190588970160126
0.11444091796875;0.023251637518128507
0.133514404296875;0.009313051683671164
0.152587890625;0.04380428669811316
0.171661376953125;0.09321971023012728
0.19073486328125;0.13329887082351963
0.209808349609375;0.14277984930135534
0.2288818359375;0.10989899258298155
0.247955322265625;0.05511491451443138
0.26702880859375;0.016239284935690712
0.286102294921875;0.012543397128971597
0.30517578125;0.007382885188159399
0.324249267578125;0.00026236847714512806
0.34332275390625;0.005527703726310316
0.362396240234375;0.008470454750972328
0.3814697265625;0.0073798177161796845
0.400543212890625;0.003967506528109954
0.41961669921875;0.002074448270332236
0.438690185546875;0.004186239644910217
0.457763671875;0.005809020348805022
0.476837158203125;0.006429683316279836
0.49591064453125;0.006181092991257928
0.514984130859375;0.004600414167461216
0.5340576171875;0.0027282972795270913
0.553131103515625;0.002938162074821749
0.57220458984375;0.00527792538319653
0.591278076171875;0.0084518032901343
0.6103515625;0.010570275484430108
0.629425048828125;0.009553146752975073
0.64849853515625;0.0056317540656253
0.667572021484375;0.0023036757312756896
0.6866455078125;0.0026625537106618608
0.705718994140625;0.0057268155986950195
0.72479248046875;0.008256603679317123
0.743865966796875;0.008335999092500953
0.762939453125;0.007884894711647467
0.782012939453125;0.00891978103640726
0.80108642578125;0.009119729915458162
0.820159912109375;0.007208804082381069
0.8392333984375;0.004871186451979514
0.858306884765625;0.0042923897348589425
0.87738037109375;0.004951354895478687
0.896453857421875;0.004734678284832364
0.91552734375;0.002997283557651256
0.934600830078125;0.0028368751187613467
0.95367431640625;0.005005417820394447
0.972747802734375;0.006611043152086388
0.9918212890625;0.006718064015276456
1.010894775390625;0.004695992142593211
1.02996826171875;0.001625419031085792
1.049041748046875;0.00024953339449874386
1.068115234375;0.0009344004352372483
1.087188720703125;0.0033908015728642527
1.10626220703125;0.004879329743645076
1.125335693359375;0.004900206956642323
1.1444091796875;0.005269499296949479
1.163482666015625;0.007074596889238312
1.18255615234375;0.009030102298937883
1.201629638671875;0.008638534081159005
1.220703125;0.005583438256077884
1.239776611328125;0.0026246019992600643
1.25885009765625;0.0024594330140761105
1.277923583984375;0.0042984251793501856
1.2969970703125;0.005455938945643974
1.316070556640625;0.005578443122021018
1.33514404296875;0.0062197009407230245
1.354217529296875;0.0057609436650289175
1.373291015625;0.004109603015153604
1.392364501953125;0.004581439861671524
1.41143798828125;0.0043112468461452575
1.430511474609375;0.001695190841087259
1.4495849609375;0.0009227256203928225
1.468658447265625;0.0015922308405119771
1.48773193359375;0.002256693560763326
1.506805419921875;0.00308858220549541
1.52587890625;0.002508708363620276
1.544952392578125;0.001212536189892437
1.56402587890625;0.0002991075385542382
1.583099365234375;0.0007855091377896896
1.6021728515625;0.003299690335482118
1.621246337890625;0.006253669533295865
1.64031982421875;0.007408444031615517
1.659393310546875;0.006984502412901577
1.678466796875;0.008172008484410298
1.697540283203125;0.00946988740184501
1.71661376953125;0.00851967751203521
1.735687255859375;0.007057819782963882
1.7547607421875;0.007077356530347545
1.773834228515625;0.006883993769372227
1.79290771484375;0.0055707295902666844
1.811981201171875;0.00482159812789116
1.8310546875;0.004990334419551574
1.850128173828125;0.0036567604937749747
1.86920166015625;0.0023806764050112155
1.888275146484375;0.005898175534049135
1.9073486328125;0.008052113964428984
1.926422119140625;0.007253280211914027
1.94549560546875;0.00470669474446965
1.964569091796875;0.0017971714409858023
1.983642578125;0.0017397502221387403
2.002716064453125;0.004604479794907109
2.02178955078125;0.0055594668460334715
2.040863037109375;0.0032944378575249546
2.0599365234375;0.0023410625241403623
2.079010009765625;0.0061492944000505045
2.09808349609375;0.006867688226219115
2.117156982421875;0.004249187623132994
2.13623046875;0.003030924994822563
2.155303955078125;0.005643001144041027
2.17437744140625;0.006419385651472543
2.193450927734375;0.005458540988396413
2.2125244140625;0.004763642473036586
2.231597900390625;0.005190989446531147
2.25067138671875;0.005618513421840569
2.269744873046875;0.004710516444506533
2.288818359375;0.0026637176812340803
2.307891845703125;0.001097384004501606
2.32696533203125;0.0011962937506525906
2.346038818359375;0.002304641485204068
2.3651123046875;0.0025542051295308565
2.384185791015625;0.0010610567425255724
2.40325927734375;0.0010250828218154354
2.422332763671875;0.0018151642325652457
2.44140625;0.0031663626498704195
2.460479736328125;0.006364713046320406
2.47955322265625;0.008884963696391262
2.498626708984375;0.00966786284758675
2.5177001953125;0.008376633904575171
2.536773681640625;0.0050120321693985295
2.55584716796875;0.001199799221844148
2.574920654296875;0.0023108105665645418
2.593994140625;0.0037944153630789157
2.613067626953125;0.004432525905884112
2.63214111328125;0.003981776934616515
2.651214599609375;0.003524909739475502
2.6702880859375;0.003786093444722392
2.689361572265625;0.004259451295624577
2.70843505859375;0.004941986012280182
2.727508544921875;0.005275608137796037
2.74658203125;0.005492992574685715
2.765655517578125;0.004897556158193321
2.78472900390625;0.0035228421975950245
2.803802490234375;0.0040322683072221205
2.8228759765625;0.004412812988986642
2.841949462890625;0.0029830519341304275
2.86102294921875;0.0031411740491275593
2.880096435546875;0.005539276111535282
2.899169921875;0.007638011898584813
2.918243408203125;0.00851465457415603
2.93731689453125;0.0070464708074386125
2.956390380859375;0.003944334089532373
2.9754638671875;0.002007056701421821
2.994537353515625;0.0022309412576860437
3.01361083984375;0.004033414033404279
3.032684326171875;0.005574558878768617
3.0517578125;0.005279033356240196
3.070831298828125;0.0037733265119521834
3.08990478515625;0.002255022638521402
3.108978271484375;0.001291056805105477
3.1280517578125;0.003473599215599637
3.147125244140625;0.005943205159323577
3.16619873046875;0.0068551478260482634
3.185272216796875;0.006001549511917234
3.204345703125;0.004402006473983855
3.223419189453125;0.002992451376997278
3.24249267578125;0.0015918847540083271
3.261566162109375;0.0003468906605753258
3.2806396484375;0.002463295207605155
3.299713134765625;0.003605877912453966
3.31878662109375;0.002940884065621387
3.337860107421875;0.001611741651911128
3.35693359375;0.0012564716207115274
3.376007080078125;0.0012186734104219594
3.39508056640625;0.001598013018955516
3.414154052734375;0.0009050707653368875
3.4332275390625;0.002015453344805835
3.452301025390625;0.0033004148885333396
3.47137451171875;0.002425357528303121
3.490447998046875;0.0003754833801071821
3.509521484375;0.0012278925875582065
3.528594970703125;0.001184420253499676
3.54766845703125;0.0010915411569758357
3.566741943359375;0.0014074294342838213
3.5858154296875;0.0011233076256093957
3.604888916015625;0.0007447446883959922
3.62396240234375;0.0010804236520005417
3.643035888671875;0.0011697503361126783
3.662109375;0.0005706864741068219
3.681182861328125;0.00042275105914315144
3.70025634765625;0.0005649305232669077
3.719329833984375;0.0007370259826319032
3.7384033203125;0.002603389091152701
3.757476806640625;0.0032843881891673954
3.77655029296875;0.0024547632703348097
3.795623779296875;0.0029260772232052846
3.814697265625;0.003969573166504786
3.833770751953125;0.003636139320325321
3.85284423828125;0.002574841221314166
3.871917724609375;0.0026644139972618087
3.8909912109375;0.004139377683344445
3.910064697265625;0.005320549104703701
3.92913818359375;0.005556266215310807
3.948211669921875;0.005196441518046012
3.96728515625;0.005174506903938402
3.986358642578125;0.005775719355590296
4.00543212890625;0.006443974056997883
4.024505615234375;0.0068744654114484705
4.0435791015625;0.007001570223262966
4.062652587890625;0.0062414101118874405
4.08172607421875;0.004341596135721102
4.100799560546875;0.002471008225346334
4.119873046875;0.0021277514745798236
4.138946533203125;0.0032203828429845315
4.15802001953125;0.004274991126963146
4.177093505859375;0.004437576212723465
4.1961669921875;0.004297932801593301
4.215240478515625;0.004413165603073547
4.23431396484375;0.0048824844934461644
4.253387451171875;0.005332945320159988
4.2724609375;0.004670034434706027
4.291534423828125;0.0025706674408628102
4.31060791015625;0.0017125819194723294
4.329681396484375;0.004712546641914688
4.3487548828125;0.006783682230688541
4.367828369140625;0.006603999988135857
4.38690185546875;0.004570021177377981
4.405975341796875;0.0025463739484417017
4.425048828125;0.0018564117621973353
4.444122314453125;0.0019741557667660764
4.46319580078125;0.002470649703596409
4.482269287109375;0.002948678161265514
4.5013427734375;0.003741955111888539
4.520416259765625;0.003921322200005481
4.53948974609375;0.0025057716175524783
4.558563232421875;0.001510876072371114
4.57763671875;0.0026863676886603773
4.596710205078125;0.0030188477532265253
4.61578369140625;0.0034751074615186534
4.634857177734375;0.004139124177674907
4.6539306640625;0.004199508638237938
4.673004150390625;0.003227109740900577
4.69207763671875;0.0009758830441997945
4.711151123046875;0.0017502374980353167
4.730224609375;0.003697711794552108
4.749298095703125;0.004542900210075453
4.76837158203125;0.004923622312242079
4.787445068359375;0.005462648316913554
4.8065185546875;0.0061510354151138435
4.825592041015625;0.0064343593567249575
4.84466552734375;0.006069562944307473
4.863739013671875;0.0058288138244952286
4.8828125;0.006209871601197765
4.901885986328125;0.006421043749515383
4.92095947265625;0.005900951817108931
4.940032958984375;0.005092884907240487
4.9591064453125;0.00513628123988921
4.978179931640625;0.005805974350077613
4.99725341796875;0.006060265672879061
5.016326904296875;0.005458930436275902
5.035400390625;0.003937763568270692
5.054473876953125;0.0023615066359178837
5.07354736328125;0.0022776255171346443
5.092620849609375;0.0033415963982233766
5.1116943359375;0.0038400863947168594
5.130767822265625;0.002821480410885633
5.14984130859375;0.0013123332264529598
5.168914794921875;0.0015757669041075596
5.18798828125;0.0023861210818600497
5.207061767578125;0.002870469354035722
5.22613525390625;0.0025618745490454185
5.245208740234375;0.002736290350563996
5.2642822265625;0.004213670231894141
5.283355712890625;0.006109012436174075
5.30242919921875;0.007831091749233455
5.321502685546875;0.008587294025967338
5.340576171875;0.00797275888939253
5.359649658203125;0.0065198462575452205
5.37872314453125;0.0052247666226056914
5.397796630859375;0.004432500268058188
5.4168701171875;0.0035618473218285195
5.435943603515625;0.0022140185455011016
5.45501708984375;0.0012012410717597232
5.474090576171875;0.0009119226365374569
5.4931640625;0.001043484920944388
5.512237548828125;0.0019367685690117697
5.53131103515625;0.0030467038762110924
5.550384521484375;0.0045589839065227475
5.5694580078125;0.006125719284348999
5.588531494140625;0.007080868998245756
5.60760498046875;0.006794324924890588
5.626678466796875;0.0054920287904537705
5.645751953125;0.004341779257473694
5.664825439453125;0.003959091532377149
5.68389892578125;0.004101306609838131
5.702972412109375;0.00438571798687711
5.7220458984375;0.004366434500831816
5.741119384765625;0.0038940576335126644
5.76019287109375;0.003467646103701023
5.779266357421875;0.003285254755015393
5.79833984375;0.0025663976507757534
5.817413330078125;0.0017793623058843851
5.83648681640625;0.002485985262364332
5.855560302734375;0.003952432525386555
5.8746337890625;0.0048466036428394576
5.893707275390625;0.004236113039006468
5.91278076171875;0.0026137866091721666
5.931854248046875;0.0014092659296294815
5.950927734375;0.001073151333720441
5.970001220703125;0.0017432263313993735
5.98907470703125;0.0032388936767865635
6.008148193359375;0.004967075738307436
6.0272216796875;0.006162313954082075
6.046295166015625;0.0063322460261117965
6.06536865234375;0.0058302334325494995
6.084442138671875;0.005914834746694407
6.103515625;0.007214608463525908
6.122589111328125;0.00805004138898882
6.14166259765625;0.0068665560655389824
6.160736083984375;0.004027976950328748
6.1798095703125;0.0014957648619446837
6.198883056640625;0.001495983741152128
6.21795654296875;0.001979663157770977
6.237030029296875;0.0025790779048703
6.256103515625;0.0036134220586936687
6.275177001953125;0.004564897254649037
6.29425048828125;0.004469378134740404
6.313323974609375;0.00254758999090434
6.3323974609375;0.0014235018749972589
6.351470947265625;0.005023722190306332
6.37054443359375;0.006690270371867326
6.389617919921875;0.00548012650555073
6.40869140625;0.0027449849712559904
6.427764892578125;0.0007400660212040802
6.44683837890625;0.00023317064337561815
6.465911865234375;0.0006240809588585591
6.4849853515625;0.0013806646511952082
6.504058837890625;0.001927820872855078
6.52313232421875;0.001957087158957254
6.542205810546875;0.0013901379118743593
6.561279296875;0.0004388559617231482
6.580352783203125;0.00047002387677489105
6.59942626953125;0.0006372505641678316
6.618499755859375;0.00041256700988766964
6.6375732421875;0.0010409005347516828
6.656646728515625;0.0009399585731608461
6.67572021484375;0.0005215328054216112
6.694793701171875;0.0008045152971056437
6.7138671875;0.0016870605318274568
6.732940673828125;0.0035657827910135025
6.75201416015625;0.005369432484835901
6.771087646484375;0.006241185964464306
6.7901611328125;0.005864932357871731
6.809234619140625;0.0044369968832738685
6.82830810546875;0.0027258313518356515
6.847381591796875;0.002365666013751387
6.866455078125;0.0029060736686802625
6.885528564453125;0.0026881113094214255
6.90460205078125;0.0020865730456532767
6.923675537109375;0.0023486163085357083
6.9427490234375;0.0035449257616373894
6.961822509765625;0.004080413263457274
6.98089599609375;0.002888425258399139
6.999969482421875;0.0004769103584509211
7.01904296875;0.0020655459786311234
7.038116455078125;0.0034406197378233773
7.05718994140625;0.0034009738606212343
7.076263427734375;0.001946270511546133
7.0953369140625;0.0005970815841834598
7.114410400390625;0.002314133650665401
7.13348388671875;0.003111297082504756
7.152557373046875;0.003141875421501238
7.171630859375;0.0027147378074665208
7.190704345703125;0.0019152848835843404
7.20977783203125;0.0019053651127514182
7.228851318359375;0.0025802187784441178
7.2479248046875;0.0027847315898545653
7.266998291015625;0.0027062730118430703
7.28607177734375;0.0024477692293270637
7.305145263671875;0.0018711359783520527
7.32421875;0.0016418935996593087
7.343292236328125;0.00208065567266911
7.36236572265625;0.0022665256642714383
7.381439208984375;0.001686316769606611
7.4005126953125;0.0006891051217183352
7.419586181640625;0.001541149703999857
7.43865966796875;0.0029106922765854883
7.457733154296875;0.0038785019672043924
7.476806640625;0.00408668618173883
7.495880126953125;0.0035081905721341304
7.51495361328125;0.0026527993161805366
7.534027099609375;0.002258365604120176
7.5531005859375;0.002471408969734319
7.572174072265625;0.0026744237623704432
7.59124755859375;0.0025607895388769695
7.610321044921875;0.0025558219288850546
7.62939453125;0.0028215571377487904
7.648468017578125;0.003154290391968506
7.66754150390625;0.004325187630545031
7.686614990234375;0.006031638274480961
7.7056884765625;0.007097395168588648
7.724761962890625;0.007154783883519802
7.74383544921875;0.00639543040186271
7.762908935546875;0.004919760027614334
7.781982421875;0.0029431113673335637
7.801055908203125;0.0017756042872286038
7.82012939453125;0.0024088536196273072
7.839202880859375;0.0030475905406970763
7.8582763671875;0.0036307455427305436
7.877349853515625;0.004114063625435062
7.89642333984375;0.004057359290907403
7.915496826171875;0.003325946929771836
7.9345703125;0.002334290150653621
7.953643798828125;0.002134351552938279
7.97271728515625;0.0023458905940339637
7.991790771484375;0.0014991860467492275
8.0108642578125;0.0010624073202287617
8.029937744140625;0.0037027317676519723
8.04901123046875;0.005516393407480792
8.068084716796875;0.005938009442514535
8.087158203125;0.006046041985039581
8.106231689453125;0.006602704381511059
8.12530517578125;0.006766963911338847
8.144378662109375;0.00642206892980369
8.1634521484375;0.006770012631666003
8.182525634765625;0.008115513160854891
8.20159912109375;0.009177887292582556
8.220672607421875;0.008886925985770004
8.23974609375;0.007288534859213096
8.258819580078125;0.005328170013799702
8.27789306640625;0.004300638055247854
8.296966552734375;0.004683121322797432
8.3160400390625;0.004567727556603556
8.335113525390625;0.0026620114516258723
8.35418701171875;0.0004553945124686214
8.373260498046875;0.0024622024967806103
8.392333984375;0.002431264124988851
8.411407470703125;0.0014979075532966333
8.43048095703125;0.004269210432808948
8.449554443359375;0.006792534912803154
8.4686279296875;0.006904766306241251
8.487701416015625;0.0044698670890704496
8.50677490234375;0.001581646199688133
8.525848388671875;0.0025579806257557416
8.544921875;0.0032429569784108068
8.563995361328125;0.0032330626072952654
8.58306884765625;0.003467021676623546
8.602142333984375;0.003002708256941457
8.6212158203125;0.001204312336306553
8.640289306640625;0.0013768519705630432
8.65936279296875;0.0035936466373674017
8.678436279296875;0.004514727870132967
8.697509765625;0.00405175157439781
8.716583251953125;0.003077116155138489
8.73565673828125;0.002825642133086265
8.754730224609375;0.003278418087746032
8.7738037109375;0.0037313726946176695
8.792877197265625;0.004111198267446484
8.81195068359375;0.004295701287473992
8.831024169921875;0.004098960981237158
8.85009765625;0.0037401382840706525
8.869171142578125;0.0032295559639820403
8.88824462890625;0.0022544667530613135
8.907318115234375;0.0009240942539744388
8.9263916015625;0.0008179025968595464
8.945465087890625;0.002053427943207476
8.96453857421875;0.002290037732100786
8.983612060546875;0.0009171631288308941
9.002685546875;0.0015211344953431638
9.021759033203125;0.003505276917821813
9.04083251953125;0.0037597960377734815
9.059906005859375;0.002255567338038081
9.0789794921875;0.0012607664250106538
9.098052978515625;0.0025303033182409733
9.11712646484375;0.0028828978041721626
9.136199951171875;0.002429155935137299
9.1552734375;0.002421768266920715
9.174346923828125;0.0030465616250488214
9.19342041015625;0.0034860350997717436
9.212493896484375;0.0035202275235980277
9.2315673828125;0.0032725585463499354
9.250640869140625;0.0029560599991213746
9.26971435546875;0.0030706381407836747
9.288787841796875;0.003922805716537402
9.307861328125;0.0046969542402983
9.326934814453125;0.004733725123405354
9.34600830078125;0.004360913311630555
9.365081787109375;0.004370216827088016
9.3841552734375;0.005144187229279753
9.403228759765625;0.006482363786316473
9.42230224609375;0.007766401638608747
9.441375732421875;0.008066449504687837
9.46044921875;0.006595708162945777
9.479522705078125;0.0034395985829195094
9.49859619140625;0.00034383619206896173
9.517669677734375;0.0027154385120571676
9.5367431640625;0.002835028965839613
9.555816650390625;0.0008020908804748523
9.57489013671875;0.0025914680257976886
9.593963623046875;0.004652255642449878
9.613037109375;0.0043010513663488455
9.632110595703125;0.0015997776746466635
9.65118408203125;0.002437749931151823
9.670257568359375;0.005574484508109394
9.6893310546875;0.00704443034648646
9.708404541015625;0.006967393746013053
9.72747802734375;0.006170555216185895
9.746551513671875;0.005255082133929538
9.765625;0.00421635715325347
9.784698486328125;0.002873515625453656
9.80377197265625;0.0014045688546430197
9.822845458984375;0.000801015584688626
9.8419189453125;0.0016014888279078183
9.860992431640625;0.0022877883600131636
9.88006591796875;0.002773783317474884
9.899139404296875;0.0031990007354922943
9.918212890625;0.003352671797933885
9.937286376953125;0.0028427105786219854
9.95635986328125;0.003143988726841975
9.975433349609375;0.005466710627327189
9.9945068359375;0.007156245493750692
10.013580322265625;0.006704097334419579
10.03265380859375;0.004455815363786883
10.051727294921875;0.0024400986985983223
10.07080078125;0.0029003955588733847
10.089874267578125;0.003368843895797506
10.10894775390625;0.002866703911891007
10.128021240234375;0.002166492141673844
10.1470947265625;0.001933985310684385
10.166168212890625;0.00208976447361595
10.18524169921875;0.002873935361612853
10.204315185546875;0.004741086892890922
10.223388671875;0.007173464659557868
10.242462158203125;0.009035944490977563
10.26153564453125;0.009522675153143636
10.280609130859375;0.00857879960353255
10.2996826171875;0.006657560948445988
10.318756103515625;0.004439151251251562
10.33782958984375;0.0031010585390229563
10.356903076171875;0.0033859169405676876
10.3759765625;0.0036844924581197857
10.395050048828125;0.003276512014515471
10.41412353515625;0.0028367192086853252
10.433197021484375;0.002950127151363629
10.4522705078125;0.003272055216790885
10.471343994140625;0.0035912981818149244
10.49041748046875;0.004003420698593842
10.509490966796875;0.004551161977082452
10.528564453125;0.005228959191263459
10.547637939453125;0.005995194553792166
10.56671142578125;0.006701180212068215
10.585784912109375;0.0072413808047735225
10.6048583984375;0.007746171924679278
10.623931884765625;0.008168508368678053
10.64300537109375;0.00806873794367481
10.662078857421875;0.007515933808933535
10.68115234375;0.00696386893799466
10.700225830078125;0.005901298688561941
10.71929931640625;0.003938281701764048
10.738372802734375;0.0024016566811260755
10.7574462890625;0.0019367180956054828
10.776519775390625;0.001258564626130918
10.79559326171875;0.0034137188785780706
10.814666748046875;0.006023412401988901
10.833740234375;0.00695023739257839
10.852813720703125;0.005791608922300302
10.87188720703125;0.003476240226631054
10.890960693359375;0.0013960549969673902
10.9100341796875;0.0004392702524119685
10.929107666015625;7.786162349722922e-05
10.94818115234375;0.0004967173853837832
10.967254638671875;0.000876513365286239
10.986328125;0.0006744289313313265
11.005401611328125;9.029123168962562e-05
11.02447509765625;0.0005406572388203577
11.043548583984375;0.0007811821245555854
11.0626220703125;0.0010881812698430313
11.081695556640625;0.0013961355462555063
11.10076904296875;0.001108399556142706
11.119842529296875;0.000563447720677453
11.138916015625;0.0013403823038171823
11.157989501953125;0.0022116366120813564
11.17706298828125;0.0032204152373628394
11.196136474609375;0.0043723784150929606
11.2152099609375;0.005141420970130475
11.234283447265625;0.005066989325591753
11.25335693359375;0.004101410312570589
11.272430419921875;0.002860677649097074
11.29150390625;0.002249515966166992
11.310577392578125;0.0025488112901323606
11.32965087890625;0.002955525499438543
11.348724365234375;0.002733270238026167
11.3677978515625;0.0027325506370241746
11.386871337890625;0.004082272809502512
11.40594482421875;0.0052490048228352685
11.425018310546875;0.005050361023372925
11.444091796875;0.0035613751078738846
11.463165283203125;0.001813167402465941
11.48223876953125;0.001202182309192488
11.501312255859375;0.0013125463113458755
11.5203857421875;0.0013699289049180553
11.539459228515625;0.0018852038718841562
11.55853271484375;0.003126712007149449
11.577606201171875;0.004615561107643283
11.5966796875;0.005388176205729381
11.615753173828125;0.004864021310794189
11.63482666015625;0.003596047924366996
11.653900146484375;0.0030243804372087867
11.6729736328125;0.0032975148924389414
11.692047119140625;0.0035119653352692886
11.71112060546875;0.0036667763319094917
11.730194091796875;0.0038035621212452147
11.749267578125;0.0036697630082132694
11.768341064453125;0.003276338365845137
11.78741455078125;0.0028021295088126305
11.806488037109375;0.0020602457967454097
11.8255615234375;0.0009566041751699736
11.844635009765625;0.0007542865405845166
11.86370849609375;0.001380174802759126
11.882781982421875;0.0015328073902700404
11.90185546875;0.0016169773879274243
11.920928955078125;0.0021812252647593275
11.94000244140625;0.003231056715211667
11.959075927734375;0.004218908991536478
11.9781494140625;0.0046440111042909665
11.997222900390625;0.004489806672747862
12.01629638671875;0.0039493043380142345
12.035369873046875;0.0031238791537539466
12.054443359375;0.002549178141265226
12.073516845703125;0.003205195600180663
12.09259033203125;0.004429205386254156
12.111663818359375;0.005152653151235288
12.1307373046875;0.0048733364594151
12.149810791015625;0.003755223482083077
12.16888427734375;0.0037268412476156748
12.187957763671875;0.00567496332714355
12.20703125;0.007376940000989776
12.226104736328125;0.008129960695230897
12.24517822265625;0.00826622728644521
12.264251708984375;0.007820414124936241
12.2833251953125;0.0065922752846938205
12.302398681640625;0.004919715478244142
12.32147216796875;0.0035498443838664195
12.340545654296875;0.002774180408183847
12.359619140625;0.0022832817632475705
12.378692626953125;0.0016859080703442836
12.39776611328125;0.0006818558011823394
12.416839599609375;0.0007993834645192644
12.4359130859375;0.0016499837916862904
12.454986572265625;0.0023688893521193783
12.47406005859375;0.004091997323775132
12.493133544921875;0.006054097035018782
12.51220703125;0.007051233602217875
12.531280517578125;0.006990909702865691
12.55035400390625;0.006254569073434212
12.569427490234375;0.004654046949673032
12.5885009765625;0.002949755984363177
12.607574462890625;0.0042364155362078675
12.62664794921875;0.006033435549734968
12.645721435546875;0.006245504840600265
12.664794921875;0.005250444176697225
12.683868408203125;0.00412082042435883
12.70294189453125;0.003470499442811203
12.722015380859375;0.0030202303571258762
12.7410888671875;0.00196723741475203
12.760162353515625;0.0006869185744931047
12.77923583984375;0.0028938388602367327
12.798309326171875;0.004099460037162574
12.8173828125;0.002926597510438688
12.836456298828125;0.0008317596030236704
12.85552978515625;0.00341821551372982
12.874603271484375;0.004760906990945134
12.8936767578125;0.0039005549519715806
12.912750244140625;0.0015467096739506235
12.93182373046875;0.0018361408884753426
12.950897216796875;0.0036015078318141235
12.969970703125;0.003994681905327497
12.989044189453125;0.003553544882728888
13.00811767578125;0.0030846477656530083
13.027191162109375;0.002825702041666403
13.0462646484375;0.0031830106553381887
13.065338134765625;0.004097710504621843
13.08441162109375;0.004601833523867694
13.103485107421875;0.004120895098058789
13.12255859375;0.002989290016020064
13.141632080078125;0.0021731961812066903
13.16070556640625;0.0017589938374225457
13.179779052734375;0.001227344978695366
13.1988525390625;0.001883095031295968
13.217926025390625;0.0029417396789475207
13.23699951171875;0.002881905652586467
13.256072998046875;0.0013876095563128425
13.275146484375;0.0014681951593837777
13.294219970703125;0.003266653838941921
13.31329345703125;0.003520135632254399
13.332366943359375;0.0028109841957503815
13.3514404296875;0.0036546198543274573
13.370513916015625;0.005015013334688156
13.38958740234375;0.005192217820777599
13.408660888671875;0.004337053232826295
13.427734375;0.003611362252719398
13.446807861328125;0.00421462646050968
13.46588134765625;0.005276677286922901
13.484954833984375;0.005456858541707715
13.5040283203125;0.004503621383073429
13.523101806640625;0.0030430026317177406
13.54217529296875;0.0020727294254204824
13.561248779296875;0.0021146195962569074
13.580322265625;0.002535415993027667
13.599395751953125;0.0030315610366046584
13.61846923828125;0.003759220257561678
13.637542724609375;0.004746658814600691
13.6566162109375;0.005607207271394182
13.675689697265625;0.005730056174376119
13.69476318359375;0.004885871483543917
13.713836669921875;0.0037127088373497593
13.73291015625;0.0032459369240732394
13.751983642578125;0.0032988723163099123
13.77105712890625;0.0031622826813329447
13.790130615234375;0.002930717375840259
13.8092041015625;0.003021886917996478
13.828277587890625;0.0035620531503491267
13.84735107421875;0.004269571823136976
13.866424560546875;0.0046901306008368645
13.885498046875;0.004416396009194484
13.904571533203125;0.0036350464983588063
13.92364501953125;0.0034519743381359663
13.942718505859375;0.0038019809073594193
13.9617919921875;0.003609035361779622
13.980865478515625;0.003444871944211909
13.99993896484375;0.004293631878013864
14.019012451171875;0.005529863525926766
14.0380859375;0.006559508806137489
14.057159423828125;0.006931516210948834
14.07623291015625;0.005988101793018975
14.095306396484375;0.004145027708767688
14.1143798828125;0.0045771826237532755
14.133453369140625;0.006470008838236705
14.15252685546875;0.006466690324639294
14.171600341796875;0.004241010569852061
14.190673828125;0.001532074904497523
14.209747314453125;0.002545590000582847
14.22882080078125;0.004039137191130701
14.247894287109375;0.0038964609690563938
14.2669677734375;0.0017724406310854655
14.286041259765625;0.001674363466380316
14.30511474609375;0.004837365128055931
14.324188232421875;0.006351207886313816
14.34326171875;0.005928159816824913
14.362335205078125;0.0043727823799467385
14.38140869140625;0.002755756242290997
14.400482177734375;0.001640326830090944
14.4195556640625;0.0011389982855296357
14.438629150390625;0.0015188093229470563
14.45770263671875;0.002333123479898024
14.476776123046875;0.002679723251956017
14.495849609375;0.002010187566689268
14.514923095703125;0.0010245038695919054
14.53399658203125;0.002048052031431368
14.553070068359375;0.002575410248418534
14.5721435546875;0.0015145830811835622
14.591217041015625;0.0005496259639434959
14.61029052734375;0.002299973214481661
14.629364013671875;0.0030018867316683965
14.6484375;0.002960976102038436
14.667510986328125;0.0030290705158846827
14.68658447265625;0.003506440614727253
14.705657958984375;0.003951467031267675
14.7247314453125;0.004104063005445967
14.743804931640625;0.004494444121193555
14.76287841796875;0.005719017910141181
14.781951904296875;0.007377041044035357
14.801025390625;0.008476088528772349
14.820098876953125;0.008328804398916662
14.83917236328125;0.007316372140617609
14.858245849609375;0.0064268300929636955
14.8773193359375;0.005629474096754457
14.896392822265625;0.004360732351043447
14.91546630859375;0.0029838256653916787
14.934539794921875;0.0024252731143632063
14.95361328125;0.002827057730023948
14.972686767578125;0.0033927641325388388
14.99176025390625;0.0035154082549373506
15.010833740234375;0.003032135225438901
15.0299072265625;0.00224926716114002
15.048980712890625;0.0016035587843555579
15.06805419921875;0.0017379168464828458
15.087127685546875;0.00260060944694731
15.106201171875;0.003094711611448804
15.125274658203125;0.002695991821012234
15.14434814453125;0.0018454415249238637
15.163421630859375;0.0020403039765857505
15.1824951171875;0.002629719921830282
15.201568603515625;0.002134646279532329
15.22064208984375;0.0007017459590329059
15.239715576171875;0.0023171672244017734
15.2587890625;0.004475994946043487
15.277862548828125;0.005658633010603951
15.29693603515625;0.005374576473404646
15.316009521484375;0.0036294805870850425
15.3350830078125;0.0012617807150615012
15.354156494140625;0.0017747063904240243
15.37322998046875;0.0024706069513451673
15.392303466796875;0.0014487375866180173
15.411376953125;0.002343018085262569
15.430450439453125;0.004720274073436698
15.44952392578125;0.005435511519895939
15.468597412109375;0.004196855608907846
15.4876708984375;0.003203310649382395
15.506744384765625;0.004256820104235533
15.52581787109375;0.004884710385527648
15.544891357421875;0.0044985053283820384
15.56396484375;0.004068078653292669
15.583038330078125;0.004144129605024888
15.60211181640625;0.00454148503323907
15.621185302734375;0.0051967299656886625
15.6402587890625;0.005645431343485712
15.659332275390625;0.005123229741213136
15.67840576171875;0.0037238811611377018
15.697479248046875;0.0026551021834880077
15.716552734375;0.0025716429760771443
15.735626220703125;0.002832152664657603
15.75469970703125;0.003120738212295677
15.773773193359375;0.0026960027059129282
15.7928466796875;0.0017118068563601841
15.811920166015625;0.002912556501795005
15.83099365234375;0.004394684537400313
15.850067138671875;0.004435064517789852
15.869140625;0.003725715980234005
15.888214111328125;0.0035006232941686547
15.90728759765625;0.003138676243999217
15.926361083984375;0.002111171052065338
15.9454345703125;0.0014480928970999865
15.964508056640625;0.000995203623616959
15.98358154296875;0.0009514137581460756
16.002655029296875;0.004343658581109377
16.021728515625;0.007832667037040535
16.040802001953125;0.010016601341410363
16.05987548828125;0.010431802319681386
16.078948974609375;0.009489877922783177
16.0980224609375;0.007672417127460106
16.117095947265625;0.005192820223722277
16.13616943359375;0.0024290655805203933
16.155242919921875;0.0012856496862167321
16.17431640625;0.0026654549670955528
16.193389892578125;0.003287405776087581
16.21246337890625;0.003332271314941195
16.231536865234375;0.003351240985725757
16.2506103515625;0.0028730084462409464
16.269683837890625;0.0014414757541474418
16.28875732421875;0.001557470441252773
16.307830810546875;0.0042388529508344775
16.326904296875;0.006680394229828501
16.345977783203125;0.0076989601282328015
16.36505126953125;0.006589509190476375
16.384124755859375;0.004388366084530495
16.4031982421875;0.004299063569772794
16.422271728515625;0.005517092468271832
16.44134521484375;0.005790046408794158
16.460418701171875;0.005688228599898949
16.4794921875;0.0053016298082793996
16.498565673828125;0.0038630748127333353
16.51763916015625;0.001857586913354407
16.536712646484375;0.001070479147773767
16.5557861328125;0.0010254553299803141
16.574859619140625;0.000939839006333521
16.59393310546875;0.0018244006296692812
16.613006591796875;0.002872705746233121
16.632080078125;0.0038951846797498275
16.651153564453125;0.004772606321454594
16.67022705078125;0.005274339286002186
16.689300537109375;0.005336216913569959
16.7083740234375;0.005011436907430757
16.727447509765625;0.004220437895597031
16.74652099609375;0.0028585602242434337
16.765594482421875;0.0012589665190027293
16.78466796875;0.00036482506680913704
16.803741455078125;0.0010255764980209388
16.82281494140625;0.0019102424662841531
16.841888427734375;0.002407023829549372
16.8609619140625;0.0024223213737638795
16.880035400390625;0.00264345595418348
16.89910888671875;0.002868646713668871
16.918182373046875;0.002674284733684294
16.937255859375;0.002382477650204256
16.956329345703125;0.002315196386600314
16.97540283203125;0.0023478291938919087
16.994476318359375;0.0021147061662200573
17.0135498046875;0.0013655416273607775
17.032623291015625;0.00030410783811008965
17.05169677734375;0.001619367393306215
17.070770263671875;0.0028657209714779163
17.08984375;0.003367369617908001
17.108917236328125;0.0033845447206109565
17.12799072265625;0.003546101862930679
17.147064208984375;0.003987183663095631
17.1661376953125;0.004105935799261411
17.185211181640625;0.0032753442722873788
17.20428466796875;0.0016984787299718102
17.223358154296875;0.0010462738771688067
17.242431640625;0.0014545999118379263
17.261505126953125;0.0010090256589533136
17.28057861328125;0.0003950231991490598
17.299652099609375;0.0013810977863804
17.3187255859375;0.0021876554106115722
17.337799072265625;0.002554290174534861
17.35687255859375;0.0024855974400284364
17.375946044921875;0.0021319899838393307
17.39501953125;0.001678764297210364
17.414093017578125;0.001210786598238045
17.43316650390625;0.0016181773542193918
17.452239990234375;0.0031353977276866816
17.4713134765625;0.004398369726633846
17.490386962890625;0.0044774415361419784
17.50946044921875;0.0034238824411170383
17.528533935546875;0.002786611427023985
17.547607421875;0.003635280702614804
17.566680908203125;0.004470621202043657
17.58575439453125;0.00465604806654827
17.604827880859375;0.004237078065264183
17.6239013671875;0.0033978226276637656
17.642974853515625;0.0026124800997765025
17.66204833984375;0.0024041263462682904
17.681121826171875;0.002656466322535908
17.7001953125;0.0032839366763705666
17.719268798828125;0.004118799946655266
17.73834228515625;0.0045200291187240445
17.757415771484375;0.0041772876299170526
17.7764892578125;0.0032253713461758366
17.795562744140625;0.001698492598413119
17.81463623046875;0.0012412276837220947
17.833709716796875;0.0031806851867002897
17.852783203125;0.004203647909629274
17.871856689453125;0.003704878108107544
17.89093017578125;0.0022767719440556274
17.910003662109375;0.0019385301627839319
17.9290771484375;0.003220252651411476
17.948150634765625;0.004558128924974805
17.96722412109375;0.005862400203649106
17.986297607421875;0.006644834361299139
18.00537109375;0.006157074729720591
18.024444580078125;0.004573684392339069
18.04351806640625;0.003012929024209471
18.062591552734375;0.0019211327289029544
18.0816650390625;0.0003278387193360638
18.100738525390625;0.002169977927140819
18.11981201171875;0.004900810857497761
18.138885498046875;0.006909047817911777
18.157958984375;0.0072958824997346365
18.177032470703125;0.005852270930409066
18.19610595703125;0.00414391733006314
18.215179443359375;0.004648652829094063
18.2342529296875;0.005333195979230041
18.253326416015625;0.004639702359428528
18.27239990234375;0.003493560834157193
18.291473388671875;0.0030395209709527735
18.310546875;0.003751035400984747
18.329620361328125;0.005035990380130842
18.34869384765625;0.00555780499586837
18.367767333984375;0.004891173139145651
18.3868408203125;0.003724367208941957
18.405914306640625;0.003012497371038502
18.42498779296875;0.003058349737592283
18.444061279296875;0.0036722672582583608
18.463134765625;0.004489103322286205
18.482208251953125;0.004879574818007682
18.50128173828125;0.004519107198573744
18.520355224609375;0.0037927096314603584
18.5394287109375;0.003111805566409238
18.558502197265625;0.0021955668075769766
18.57757568359375;0.0009642617613246449
18.596649169921875;0.0007239396576457597
18.61572265625;0.0014592838169246876
18.634796142578125;0.0018478549702686928
18.65386962890625;0.0018297016960632509
18.672943115234375;0.001215048307685824
18.6920166015625;0.0010769958769802353
18.711090087890625;0.0029953272242108555
18.73016357421875;0.004647394304785913
18.749237060546875;0.0051260275482984535
18.768310546875;0.0045860252950331235
18.787384033203125;0.0038938405276040125
18.80645751953125;0.0034846391458432475
18.825531005859375;0.0029108099266214487
18.8446044921875;0.001983034820062666
18.863677978515625;0.0013235355589080711
18.88275146484375;0.0010742930160985414
18.901824951171875;0.0008929425091762746
18.9208984375;0.0021220888543204432
18.939971923828125;0.003231248658127384
18.95904541015625;0.0031687179728881274
18.978118896484375;0.002653846192307528
18.9971923828125;0.003565816153724111
19.016265869140625;0.004579847158086524
19.03533935546875;0.004181191369044806
19.054412841796875;0.0026621327152611027
19.073486328125;0.0013884647016888883
19.092559814453125;0.0007421034512349672
19.11163330078125;0.0011084264097136096
19.130706787109375;0.0023508760719073356
19.1497802734375;0.0031004587024398463
19.168853759765625;0.0038028592863605126
19.18792724609375;0.004700376682413888
19.207000732421875;0.004847237478304676
19.22607421875;0.003598610966184692
19.245147705078125;0.0021663846836538795
19.26422119140625;0.004389771816890961
19.283294677734375;0.007196238497272497
19.3023681640625;0.008464613398981396
19.321441650390625;0.0077849603201386895
19.34051513671875;0.00591732511026163
19.359588623046875;0.004431426102365664
19.378662109375;0.003614371792101638
19.397735595703125;0.0032625995594568508
19.41680908203125;0.005674913588241393
19.435882568359375;0.008703368514790805
19.4549560546875;0.009769670145986297
19.474029541015625;0.008351721302028514
19.49310302734375;0.00587590638725832
19.512176513671875;0.004764719881212744
19.53125;0.004583475843811966
19.550323486328125;0.0032519996087374487
19.56939697265625;0.0015707417080486033
19.588470458984375;0.0025670931883004914
19.6075439453125;0.003479112739710506
19.626617431640625;0.003315256686149976
19.64569091796875;0.0025611181141918103
19.664764404296875;0.0015951921597506305
19.683837890625;0.0010696994491809198
19.702911376953125;0.002342721173130923
19.72198486328125;0.003963673671078749
19.741058349609375;0.004924702247484367
19.7601318359375;0.004716566131908692
19.779205322265625;0.003422434822375474
19.79827880859375;0.0018573671874799506
19.817352294921875;0.0014970801004096485
19.83642578125;0.0020540440537532203
19.855499267578125;0.0021542323751527325
19.87457275390625;0.0011743802943833261
19.893646240234375;0.0012063806004038334
19.9127197265625;0.0037288137565948316
19.931793212890625;0.00530072373248544
19.95086669921875;0.005188465156907669
19.969940185546875;0.003686334947519855
19.989013671875;0.0013755290431292633
